"","DAP","DAPse","AP","APse","DAP lw","DAPse lw","DAP ww","DAPse ww","AP lw","APse lw","AP ww","APse ww","gid"
"1",0.02165798,0.70277748,-0.11891411,0.07435779,-0.03273754,0.49091081,-0.08272756,0.57686864,-0.1127946,0.10804223,-0.13340841,0.0933299,"1"
"10",3.82352335,0.73321401,0.47692618,0.08533295,4.10704387,0.5697053,3.69884663,0.66717743,0.56814345,0.12494631,0.31042155,0.10562176,"10"
"100",-2.02610418,0.69743562,-0.20953878,0.0721222,-2.82799593,0.47604476,-1.79061797,0.55958793,-0.22060915,0.10481305,-0.19290532,0.09055203,"100"
"101",-0.35567432,0.69746068,-0.21740908,0.072132,-0.80739779,0.47610515,-0.19167613,0.55964896,-0.26234495,0.10482745,-0.16692398,0.09056442,"101"
"102",1.32410485,0.69746068,0.07320201,0.072132,1.19394952,0.47610511,1.36084785,0.55964898,0.10425809,0.10482743,0.01299953,0.09056441,"102"
"103",1.98050485,0.69276245,0.42115392,0.07012073,2.11560346,0.46274625,1.98599526,0.54406549,0.40997748,0.10190497,0.3792916,0.08804755,"103"
"104",-2.56115382,0.6928121,-0.39226463,0.07014218,-3.10437982,0.46287659,-2.61303967,0.54420503,-0.41119969,0.10193605,-0.35641032,0.08807411,"104"
"105",1.9804276,0.70274829,0.18541732,0.07434687,1.83987484,0.49081683,2.06010552,0.57675724,0.16671982,0.10802666,0.1627801,0.09331708,"105"
"106",2.53129627,0.6927675,0.00547874,0.07012481,2.71648932,0.46276439,2.3971318,0.54409527,-0.01715565,0.10191131,0.01000056,0.08805365,"106"
"107",-0.22105813,0.71579355,-0.28078803,0.07961199,-0.53035537,0.52568817,-0.22936824,0.61698387,-0.2916976,0.11555521,-0.25483555,0.09978684,"107"
"108",1.68617903,0.86386914,-0.0135887,0.1284654,1.5310485,0.84480937,1.72464471,0.9650487,-0.00619702,0.18057884,-0.00362957,0.15514755,"108"
"109",-2.2179267,0.75825559,-0.6325796,0.09527285,-2.68842649,0.62888544,-2.23392482,0.73360752,-0.63577729,0.13736516,-0.54451529,0.11846461,"109"
"11",-1.85301559,0.70076177,-0.52716602,0.07266214,-2.48914709,0.48475878,-1.70930272,0.57087339,-0.57386044,0.10481985,-0.44451888,0.09190802,"11"
"110",1.63192222,0.69274797,0.08118565,0.07011437,1.66669969,0.46268653,1.61404562,0.54398775,0.11264707,0.101896,0.025259,0.08804049,"110"
"111",1.23667255,0.69743908,0.16109241,0.07212369,1.25052007,0.47605361,1.09549863,0.55959897,0.13752084,0.10481489,0.15521118,0.09055356,"111"
"112",-1.31743865,0.70879294,-0.38285369,0.07554177,-1.93582825,0.50720366,-1.14281237,0.59571139,-0.38233901,0.10974346,-0.35578932,0.09479332,"112"
"113",-0.02634543,0.72227493,-0.02187682,0.08272512,-0.50547066,0.53768754,0.32701073,0.64056079,-0.03212867,0.11996446,-0.02288244,0.1035708,"113"
"114",0.1613603,0.70276714,-0.1653029,0.07435352,-0.03019579,0.49085476,0.06813767,0.57678946,-0.16828714,0.10803597,-0.16989049,0.09332503,"114"
"115",2.05511749,0.70278252,0.34615868,0.07436151,1.85829578,0.49091322,2.24257241,0.57687238,0.33297411,0.10804713,0.31027334,0.09333468,"115"
"116",5.17388303,0.69275544,0.40515147,0.07011876,5.97833986,0.4627189,4.82647905,0.54403098,0.37016105,0.1019022,0.38862753,0.08804551,"116"
"117",0.74908615,0.69272833,-0.03851408,0.07010574,0.99370226,0.46264364,0.42085389,0.54394569,-0.03754843,0.10188328,-0.05339902,0.08802918,"117"
"118",2.00587564,0.69743908,0.4636792,0.07212369,1.89738777,0.47605639,2.08460965,0.55960195,0.39179065,0.10481546,0.47072714,0.09055406,"118"
"119",3.90819492,0.7157335,0.57369292,0.07958711,4.242805,0.52555574,3.85458396,0.61683632,0.55118803,0.11552734,0.51163972,0.0997628,"119"
"120",-0.04336666,0.71310772,0.04135397,0.07816292,-0.1698238,0.52553922,-0.19827225,0.60250059,-0.02426121,0.11552558,0.0786247,0.09637176,"120"
"121",-4.80847411,0.8249791,-0.63860822,0.11692869,-5.70848241,0.77018502,-4.30568552,0.88707073,-0.60704139,0.16603064,-0.54073732,0.14285025,"121"
"122",-0.10490592,0.70376652,-0.13150179,0.07320308,-0.3743553,0.49712397,-0.09828976,0.57670427,-0.16058731,0.10637601,-0.10613498,0.09189683,"122"
"123",-0.99892793,0.72157082,-0.23378472,0.0796295,-1.51696851,0.54216726,-0.81662629,0.63261909,-0.24401602,0.11558683,-0.20859138,0.0998134,"123"
"124",-0.25060325,0.70273472,-0.13061772,0.07434002,-0.49208138,0.49076383,-0.26804462,0.57668502,-0.10847841,0.10801667,-0.15061689,0.09330844,"124"
"125",-1.81783492,0.70328143,-0.37662149,0.07377725,-2.49514971,0.49402965,-1.65030627,0.5768105,-0.3466312,0.10803881,-0.38682311,0.09190942,"125"
"126",-2.297932,0.71063108,-0.29376181,0.07683656,-3.01968754,0.51084893,-2.0486655,0.60264423,-0.31013819,0.1116058,-0.2713733,0.09639354,"126"
"127",-3.37092876,0.70278218,-0.25352397,0.07436111,-4.42680954,0.49090957,-3.08323158,0.57686526,-0.29995429,0.1080463,-0.19822005,0.09333395,"127"
"129",-0.21668338,0.92182946,-0.09301647,0.14462081,-0.47734364,0.94820561,-0.12581991,1.06935687,-0.11155231,0.20001822,-0.04669979,0.17148603,"129"
"13",-0.69628413,0.69272723,-0.04025805,0.0701066,-1.07178578,0.46263908,-0.73848196,0.54394206,-0.02981792,0.10188466,-0.06411326,0.08803061,"13"
"130",-0.7966351,0.70762714,0.10064596,0.07681819,-1.16819225,0.50725038,-0.83729794,0.58919123,0.11105105,0.1134995,0.05529898,0.09480567,"130"
"131",0.33536526,0.70824027,-0.12713162,0.07682521,0.33982717,0.50380444,0.12952403,0.59574464,-0.13192947,0.1115833,-0.12016261,0.0963748,"131"
"132",1.90967539,0.6974424,0.283975,0.07212541,1.9994549,0.47606783,1.74799022,0.55961777,0.27847658,0.10481816,0.24129141,0.09055644,"132"
"133",-0.08174304,0.69746068,0.1498467,0.072132,-0.45208608,0.47610511,-0.00983876,0.55964898,0.13024996,0.10482743,0.13301518,0.09056441,"133"
"134",0.68797282,0.69275544,0.11623001,0.07011876,0.52061512,0.4627189,0.65684306,0.54403098,0.08199789,0.1019022,0.12367847,0.08804551,"134"
"135",-3.42701753,0.70275756,-0.26930605,0.07434921,-4.46158819,0.49082796,-3.0942041,0.57675428,-0.25299251,0.10802991,-0.27768901,0.09331954,"135"
"136",0.04479367,0.6960858,-0.39211087,0.07109045,-0.05721045,0.47325971,-0.19667272,0.55421301,-0.4328689,0.10331558,-0.33668698,0.0892629,"136"
"137",1.04508256,0.69303331,0.26000086,0.07024018,0.84798354,0.46352757,1.13051337,0.54495903,0.21717184,0.10207818,0.26456734,0.08819578,"137"
"138",1.08787292,0.69746812,0.09238075,0.07213438,1.07737482,0.47612488,1.08146213,0.55966737,0.11432663,0.10483008,0.04910781,0.09056609,"138"
"139",0.73279532,0.70176873,0.21312074,0.07324152,0.782832,0.4909735,0.63666463,0.57115877,0.19164391,0.10643119,0.1934228,0.09194396,"139"
"14",-0.80828795,0.69271522,-0.15924769,0.07010021,-1.35743636,0.46259006,-0.62807654,0.54387447,-0.18320013,0.10187531,-0.13883312,0.08802254,"14"
"140",-0.50635641,0.71573685,-0.20184058,0.07958851,-0.89802132,0.52555494,-0.46847908,0.6168289,-0.18496963,0.115529,-0.21655707,0.09976423,"140"
"141",2.53408399,0.77510991,0.27074014,0.10102013,2.45001048,0.66656409,2.50327489,0.77525596,0.24135737,0.14514896,0.22693443,0.12510571,"141"
"142",0.86084933,0.70878682,0.18793364,0.07681495,0.65460079,0.5072095,0.97417903,0.59571477,0.17659775,0.11157572,0.1537667,0.09636815,"142"
"143",1.95528987,0.69743919,0.19406486,0.0721235,1.9101816,0.47605116,2.01557229,0.55959146,0.12738486,0.10481463,0.22961832,0.09055327,"143"
"144",-0.83797552,0.69748673,-0.05736274,0.07214281,-1.17516295,0.47619713,-0.78646535,0.55976483,-0.06338104,0.1048421,-0.06373211,0.09057634,"144"
"145",-0.50094784,0.69747024,0.0775565,0.07213629,-0.86393882,0.47613075,-0.47258903,0.5596801,0.03656308,0.10483294,0.09604451,0.09056912,"145"
"146",2.18530213,0.69275544,0.51396606,0.07011876,2.36720126,0.4627189,2.02133561,0.54403098,0.48542633,0.1019022,0.48171776,0.08804551,"146"
"147",0.89174165,0.70282492,0.47451822,0.07437799,0.74620156,0.49104566,1.08285927,0.57702653,0.46134629,0.108071,0.43151957,0.09335423,"147"
"148",2.42467672,0.69742277,0.14005889,0.07211503,2.65658104,0.47599206,2.31424344,0.55951519,0.1147086,0.10480215,0.13455586,0.09054257,"148"
"149",0.40625227,0.69744749,0.10889662,0.07212592,0.17960204,0.4760821,0.53402465,0.55963098,0.07671576,0.10481778,0.11321464,0.09055565,"149"
"15",2.38505181,0.74123449,-0.22074078,0.0835684,2.55181025,0.59119951,2.29341821,0.6872531,-0.24184631,0.12238756,-0.18300566,0.10358051,"15"
"150",-0.61070205,0.70279919,-0.05199959,0.07436798,-0.90305842,0.49100634,-0.49612048,0.5770032,-0.06163965,0.10805681,-0.05754623,0.09334215,"150"
"151",0.84126773,0.6927675,-0.13710591,0.07012481,0.8161284,0.46276439,0.65550452,0.54409527,-0.17852709,0.10191131,-0.10170768,0.08805365,"151"
"152",-0.08659963,0.70277266,-0.24147878,0.07435598,-0.36044713,0.49089731,-0.14577892,0.57684275,-0.26217979,0.10804585,-0.22603344,0.09333353,"152"
"153",1.53475113,0.6930216,0.29973681,0.07024589,1.8509608,0.46380098,1.52124052,0.54549661,0.30584162,0.10208705,0.25059136,0.08820255,"153"
"154",-1.50742239,0.69755506,-0.14360785,0.07217287,-2.02566263,0.47638028,-1.52082451,0.5599649,-0.16618709,0.10488618,-0.12938903,0.09061422,"154"
"155",0.05201235,0.69746346,-0.04209976,0.07213267,0.02203334,0.47610685,-0.15576414,0.55964382,-0.05163113,0.10482761,-0.04178059,0.09056409,"155"
"156",-5.39146938,0.6932144,-0.62382108,0.07014988,-6.59066222,0.46548994,-5.14199942,0.54429556,-0.6351819,0.10194722,-0.57577803,0.08808353,"156"
"157",-1.83406364,0.72381062,-0.32563398,0.08272545,-2.65635005,0.54631432,-1.54234436,0.64059621,-0.34125988,0.11997255,-0.29582885,0.10357781,"157"
"158",0.10111911,0.71066267,0.12150628,0.07685547,-0.23641827,0.51096231,0.38889591,0.60277903,0.12701828,0.11162723,0.08384743,0.0964116,"158"
"159",-0.01825115,0.69742222,0.26505253,0.07211526,-0.55574581,0.47598979,0.30044531,0.55951329,0.27326133,0.1048026,0.21814625,0.090543,"159"
"16",0.21031101,0.69747815,0.16353893,0.07214015,0.02503738,0.4762063,0.35615956,0.55979792,0.17352731,0.10483877,0.12526283,0.09057334,"16"
"160",4.29214085,0.69743778,0.56788953,0.07212287,4.82904281,0.47604706,4.08205196,0.55958761,0.54667205,0.10481375,0.52304411,0.09055247,"160"
"161",3.75769925,0.70278982,0.38670332,0.07436454,4.09556283,0.49095779,3.58620834,0.57692635,0.30023446,0.10805703,0.41626163,0.09334314,"161"
"162",1.40027166,0.72378506,-0.20985005,0.08271419,1.51243854,0.54620923,1.18915605,0.64046183,-0.23058499,0.11994947,-0.18703636,0.10355777,"162"
"163",1.83316566,0.69883312,0.35817369,0.07212492,1.76510973,0.47889551,2.04910232,0.56512522,0.3603915,0.10481668,0.30995498,0.09055469,"163"
"164",0.51794938,0.69748949,0.251318,0.07214486,0.29421227,0.47622723,0.69738869,0.55981699,0.22094471,0.10484531,0.24018342,0.09057948,"164"
"166",0.60891544,0.69273125,0.02088306,0.07010862,0.24477925,0.46265424,0.7640331,0.54396349,0.03414585,0.10188769,-0.01130263,0.08803332,"166"
"167",2.36312843,0.69271522,0.00434941,0.07010021,2.68998174,0.46259006,2.11264023,0.54387447,-0.00165734,0.10187531,-0.00707464,0.08802254,"167"
"168",0.82978354,0.70274829,-0.09261535,0.07434687,0.53977601,0.49084059,0.98732014,0.5767871,-0.07104922,0.10803257,-0.11434283,0.09332217,"168"
"169",-0.95343627,0.72378525,0.09584173,0.0827145,-1.51340098,0.54624622,-0.63062931,0.64051816,0.0866533,0.11995688,0.08562189,0.10356433,"169"
"17",1.9363258,0.71310914,0.07896468,0.0781628,2.02793043,0.52556905,1.85479692,0.60250459,0.09819639,0.11553025,0.02671133,0.09636899,"17"
"170",-3.72352218,0.69439653,-0.58285394,0.07011331,-4.78655338,0.46792382,-3.4961725,0.54906604,-0.58143322,0.10189424,-0.55111521,0.0880386,"170"
"171",1.52624741,0.72090759,0.04188744,0.08196541,1.05227519,0.53814829,1.95098999,0.6328237,0.02242868,0.12002989,0.03896014,0.10170297,"171"
"172",-0.12352108,0.6974459,0.08585715,0.07212556,-0.3247889,0.47608054,-0.12587458,0.55963011,0.06479377,0.10481818,0.07662128,0.09055605,"172"
"173",0.68628806,0.69271567,0.43954351,0.07010006,0.53208652,0.46259155,0.72579263,0.54387653,0.48525055,0.10187514,0.33908057,0.08802247,"173"
"174",-1.22983828,0.69845008,-0.35636529,0.07164278,-1.65987067,0.47633631,-1.05913438,0.56543656,-0.34200634,0.10486143,-0.35709587,0.08932749,"174"
"175",-0.73918412,0.70880479,0.2093408,0.07682265,-1.24571784,0.50722797,-0.54848458,0.59573417,0.19877162,0.11157984,0.17678727,0.09637191,"175"
"176",-1.46382951,0.69743641,-0.30093298,0.07109181,-2.07790048,0.47605619,-1.1936442,0.55957709,-0.28176478,0.10331721,-0.30883692,0.08926386,"176"
"177",3.28155509,0.69275544,0.43742064,0.07011876,3.52711528,0.4627189,3.23082062,0.54403098,0.40906311,0.1019022,0.41154207,0.08804551,"177"
"178",1.80248688,0.70780014,0.2816502,0.07624525,1.84713093,0.50771755,1.75156335,0.58967956,0.22739868,0.11168483,0.29573958,0.09488045,"178"
"179",-0.48164831,0.70433699,-0.28256333,0.07434665,-0.74133094,0.49395904,-0.55571245,0.58286602,-0.31903433,0.10802561,-0.23400241,0.09331593,"179"
"18",0.72395647,0.69275677,0.16106402,0.0701183,0.60566658,0.46272337,0.77305642,0.54403716,0.12928109,0.10190167,0.16106625,0.08804529,"18"
"180",-0.78061718,0.69766283,-0.0446338,0.07221813,-1.08450404,0.47667978,-0.80874134,0.56030346,-0.06551407,0.10495134,-0.03327836,0.09066973,"180"
"181",-1.67182271,0.70705155,0.12500639,0.07554611,-2.37372423,0.50376126,-1.40159912,0.58914207,0.11869607,0.10974988,0.09660941,0.09479869,"181"
"182",-0.0866104,0.6927675,-0.12960144,0.07012481,-0.40638381,0.46276439,-0.10434207,0.54409527,-0.17564543,0.10191131,-0.09025044,0.08805365,"182"
"183",-1.70670843,0.73319224,-0.09580059,0.08626696,-2.26640466,0.56980882,-1.50810513,0.66732257,-0.07417291,0.12497296,-0.09792102,0.10786458,"183"
"184",-5.24762986,0.69281586,-0.93429833,0.07014509,-6.53077581,0.46289368,-5.03857857,0.54423021,-0.923395,0.10194033,-0.8815167,0.08807802,"184"
"185",-1.28533444,0.7027916,-0.21653531,0.07436534,-1.89514105,0.49093983,-1.1748794,0.57690347,-0.27322352,0.10805267,-0.15491232,0.0933394,"185"
"186",0.87579068,0.70881854,0.34753114,0.07682963,0.79104868,0.50727943,0.74205598,0.59580157,0.26808275,0.11159043,0.37086434,0.09638102,"186"
"187",-2.10675868,0.70883626,-0.36957406,0.07683575,-2.66025121,0.50735815,-1.9983322,0.59590038,-0.38635724,0.11160403,-0.33110133,0.09639258,"187"
"188",-0.26046374,0.70891355,-0.14769198,0.07687116,-0.70282391,0.50765749,0.18875821,0.59631677,-0.12772097,0.11164894,-0.16355561,0.0964303,"188"
"189",0.58836395,0.69281586,0.35151482,0.07014509,0.23018288,0.46289368,0.75787123,0.54423021,0.29034834,0.10194033,0.36589218,0.08807802,"189"
"19",0.72384504,0.69744131,-0.21475521,0.0721236,0.8014587,0.47606406,0.59125081,0.55961021,-0.2568677,0.10481523,-0.16729807,0.09055371,"19"
"190",-1.49769872,0.72379688,0.04936116,0.08272026,-2.12308432,0.54625032,-1.33024819,0.64052225,0.04132382,0.11995744,0.03797674,0.10356483,"190"
"191",0.34482735,0.69274797,-0.12968953,0.07011437,0.09327988,0.46268653,0.42590799,0.54398775,-0.17695695,0.101896,-0.08931359,0.08804049,"191"
"192",-0.6395516,0.69883238,-0.00557907,0.0721236,-1.05235064,0.47889015,-0.50408329,0.56512618,-0.0095213,0.10481538,-0.02383502,0.09055385,"192"
"193",-1.33424241,0.69894459,-0.22219027,0.07270317,-1.65498099,0.47917631,-1.45212167,0.56547062,-0.244158,0.10487328,-0.19301499,0.09196355,"193"
"194",0.13059368,0.7002261,0.01798863,0.07265316,-0.08486403,0.48772903,0.06359159,0.56508181,-0.01501252,0.10637744,0.02767147,0.09054504,"194"
"195",1.60427279,0.69275154,-0.02270702,0.07011654,1.70875388,0.4627002,1.45459909,0.54400712,-0.013489,0.10189921,-0.04753338,0.08804328,"195"
"196",1.76285989,0.69613365,0.13500272,0.07110998,1.76874622,0.47340739,1.70539098,0.55438234,0.1329666,0.10334399,0.1093653,0.08928733,"196"
"197",0.96891352,0.69744789,0.20855948,0.07212773,0.90963781,0.47608161,0.85732772,0.55963369,0.20025206,0.10482073,0.18309086,0.09055857,"197"
"198",2.65115586,0.71583297,0.69076999,0.07962782,2.81804252,0.52582007,2.56475222,0.61713866,0.70749717,0.11558516,0.59066203,0.09981217,"198"
"199",-1.91991079,0.70895085,-0.01447504,0.07624062,-2.61785271,0.50765521,-1.66400695,0.59622628,-0.0359954,0.10985827,-0.00701903,0.09644914,"199"
"2",0.8633483,0.70175557,0.03881048,0.07323023,0.91582697,0.49099536,0.85202957,0.57106444,0.05477995,0.10805627,0.00614213,0.09059137,"2"
"20",-0.28389444,0.69743778,-0.20654112,0.07212287,-0.4494069,0.4760467,-0.50146201,0.55958677,-0.22275773,0.10481355,-0.18922644,0.0905523,"20"
"200",0.36415995,0.69399267,-0.12070791,0.07060096,0.25071093,0.4652699,0.29241022,0.54905288,-0.13373247,0.101896,-0.11398721,0.08927538,"200"
"201",-0.3623372,0.69884907,-0.16900871,0.07213471,-0.71932964,0.4789763,-0.13307447,0.56522967,-0.15917736,0.10483115,-0.17724517,0.09056704,"201"
"202",0.24054531,0.70276792,0.3544658,0.07435336,0.01604363,0.49085528,0.29678072,0.57679,0.32554693,0.10803506,0.33336998,0.09332416,"202"
"203",1.80859126,0.70123244,-0.09175594,0.0721235,1.74374284,0.48776667,1.82030368,0.5708701,-0.13287432,0.10481502,-0.0644441,0.09055359,"203"
"204",1.49135758,0.69275154,0.26846581,0.07011654,1.6223089,0.4627002,1.29382159,0.54400712,0.26891095,0.10189921,0.2274408,0.08804328,"204"
"205",0.71370571,0.69274797,0.16448509,0.07011437,0.60503484,0.46268653,0.69976815,0.54398775,0.11696951,0.101896,0.17993198,0.08804049,"205"
"206",0.14564028,0.6927675,-0.02754088,0.07012481,-0.00599399,0.46276439,-0.01760675,0.54409527,-0.04597202,0.10191131,-0.0243712,0.08805365,"206"
"207",4.5029249,0.69273125,0.33982234,0.07010862,5.30247201,0.46265424,4.03266159,0.54396349,0.30934169,0.10188769,0.32382213,0.08803332,"207"
"208",1.80841005,0.70435419,-0.02640163,0.0743537,1.94263683,0.4940372,1.77313722,0.58297281,-0.0396371,0.10803667,-0.02968244,0.09332535,"208"
"209",1.07879546,0.69275154,0.39754245,0.07011654,0.69943328,0.4627002,1.37171018,0.54400712,0.37553134,0.10189921,0.36779225,0.08804328,"209"
"21",-1.06419157,0.71575948,-0.3930365,0.07817075,-1.75023535,0.52561405,-0.7641892,0.61689265,-0.41417978,0.11351031,-0.34845388,0.09803026,"21"
"210",-0.05923818,0.69272723,-0.15807797,0.0701066,-0.46273555,0.46263908,0.03559599,0.54394206,-0.18110357,0.10188466,-0.13858545,0.08803061,"210"
"211",-0.53271154,0.69274797,-0.24976076,0.07011437,-0.87895889,0.46268653,-0.49433139,0.54398775,-0.2504385,0.101896,-0.24541871,0.08804049,"211"
"212",0.26997096,0.70927511,0.31223422,0.07702017,-0.02180541,0.5086906,0.61761192,0.59752124,0.33581487,0.11186688,0.24280409,0.09661564,"212"
"213",0.23337157,0.69281149,-0.05440188,0.07014445,0.30514715,0.46294857,0.09382172,0.54434222,-0.09247521,0.10193964,-0.02990597,0.08807763,"213"
"214",-0.3365125,0.70381275,0.32874062,0.07434308,-0.95305097,0.49079023,0.01475736,0.58281069,0.2953672,0.10802091,0.30646301,0.09331205,"214"
"215",1.10495485,0.69271727,-0.02606383,0.07010129,1.04452131,0.46259763,1.06079432,0.54388562,0.02484519,0.10187697,-0.09175109,0.0880241,"215"
"216",-0.92769618,0.69742809,-0.13402488,0.07211809,-1.38396293,0.47600855,-0.85690622,0.55953733,-0.19665532,0.10480696,-0.07448731,0.0905468,"216"
"217",0.74467884,0.71794466,0.09697693,0.08038428,0.59519902,0.52989335,0.82567162,0.62487846,0.09321844,0.11561046,0.06036531,0.10166759,"217"
"218",4.9475546,0.69743562,0.41160251,0.0721222,5.69372152,0.47604289,4.57453748,0.55958594,0.37143197,0.10481263,0.39638122,0.09055167,"218"
"219",-1.99884669,0.82499438,-0.2195088,0.11693245,-2.59611562,0.77021283,-1.62545152,0.8870975,-0.22868248,0.16603443,-0.15953641,0.14285332,"219"
"22",-0.7964835,0.69747273,-0.04883917,0.07213766,-1.08915461,0.47614491,-0.91447989,0.55969707,-0.04104048,0.10483514,-0.06620987,0.09057065,"22"
"220",2.89188213,0.70278314,0.28624906,0.07436031,3.27335089,0.49090131,2.64074316,0.57684367,0.27589419,0.10804584,0.25448042,0.09333354,"220"
"222",3.47355982,0.69746829,0.31537599,0.0721365,3.93446326,0.47613954,3.20011275,0.55970174,0.31125415,0.10483333,0.27594799,0.09056947,"222"
"223",-0.1218327,0.70281317,0.08071871,0.07437408,-0.15002661,0.49103813,-0.19131851,0.57703702,0.06582101,0.10806577,0.07640569,0.09335019,"223"
"224",4.42829645,0.70282187,0.2663636,0.0743771,4.96822978,0.49101655,4.21009032,0.57697748,0.26249005,0.10807002,0.225418,0.09335391,"224"
"225",2.3537501,0.6927675,0.30940912,0.07012481,2.37202061,0.46276439,2.37289986,0.54409527,0.30126466,0.10191131,0.27351746,0.08805365,"225"
"226",0.94643551,0.6927675,0.22761059,0.07012481,0.84236002,0.46276439,0.86474594,0.54409527,0.22922387,0.10191131,0.18902024,0.08805365,"226"
"227",-0.71129677,0.69271727,0.13152972,0.07010129,-1.05591512,0.46259763,-0.74718246,0.54388562,0.12858395,0.10187697,0.10588662,0.0880241,"227"
"228",-3.34359452,0.69320094,-0.40835761,0.07062573,-4.46736243,0.46544816,-2.99885919,0.54423021,-0.41678881,0.10335667,-0.38312601,0.08807802,"228"
"229",-0.66064871,0.6974807,0.47676282,0.07214215,-1.33026485,0.47617844,-0.37410455,0.55974981,0.50795196,0.10484177,0.38741778,0.09057674,"229"
"23",0.35944735,0.71577317,-0.13817562,0.07960236,0.10928492,0.52565049,0.40017993,0.61693343,-0.13877618,0.11554824,-0.14205823,0.09978049,"23"
"230",4.11275815,0.70125412,0.89307862,0.07321706,4.55438665,0.48781388,3.98053044,0.57091712,0.8655554,0.10639594,0.81908714,0.09191417,"230"
"231",1.75821168,0.69747661,0.20617947,0.0721401,1.47844175,0.47616528,1.98201119,0.55973182,0.20807738,0.10483865,0.1674021,0.09057403,"231"
"232",2.00506494,0.69746068,0.19136257,0.072132,2.02241954,0.47610511,1.99047402,0.55964898,0.15471288,0.10482743,0.18770587,0.09056441,"232"
"233",-2.07748569,0.70553474,-0.58736516,0.07440531,-2.7415586,0.50086453,-1.92308934,0.58331831,-0.62284986,0.10810989,-0.50488626,0.09338774,"233"
"234",-0.09164745,0.715749,0.10228925,0.0795933,-0.32959667,0.52564516,-0.02629733,0.61694567,0.03357931,0.11554906,0.14969521,0.09978158,"234"
"235",0.78028279,0.70276276,0.25108752,0.07435165,0.70481538,0.49086868,0.74798154,0.57680835,0.25799862,0.1080397,0.21032893,0.09332824,"235"
"236",0.63609174,0.69746418,-0.05522612,0.07109885,0.32677001,0.47611661,0.79851111,0.55966437,-0.03281241,0.10332783,-0.08858261,0.08927349,"236"
"237",2.62900725,0.72388896,0.60277692,0.08275591,2.9238253,0.54648348,2.38554157,0.6407791,0.56772707,0.12000776,0.55443903,0.10360784,"237"
"238",0.27482218,0.71000439,-0.1251055,0.07681495,0.11571055,0.50718022,0.30872576,0.60245907,-0.09921238,0.11156858,-0.14882355,0.09636207,"238"
"239",0.50610181,0.72376572,-0.00053723,0.0827069,0.22950889,0.54620291,0.60855624,0.64046942,0.01032221,0.11994697,-0.04032587,0.10355568,"239"
"24",-2.33328323,0.69743562,-0.34207023,0.0721222,-3.03941827,0.4760428,-2.26032195,0.55958609,-0.36513654,0.1048127,-0.3026717,0.09055172,"24"
"240",-0.95291117,0.70274595,-0.13989408,0.07434444,-1.22932481,0.4907982,-1.0477219,0.57672548,-0.11806204,0.1080232,-0.16838779,0.09331401,"240"
"241",0.93957251,0.70894609,-0.32162954,0.07688128,0.67108157,0.50764872,1.02095193,0.59621803,-0.29477523,0.11167139,-0.34005726,0.09644969,"241"
"242",-2.17527815,0.70122188,-0.31910825,0.0732037,-2.8224238,0.48774129,-2.13338734,0.57083182,-0.35002727,0.1063801,-0.28361248,0.09190034,"242"
"243",0.20075713,0.70275149,0.36475812,0.07434665,-0.02381697,0.4908083,0.21139413,0.57673187,0.31858077,0.10802565,0.36163844,0.09331594,"243"
"244",1.2414458,0.70883221,0.01742224,0.0768342,1.12405878,0.50730105,1.23695606,0.59581655,0.02171674,0.11159621,-0.01006985,0.09638598,"244"
"245",-0.07752742,0.70540647,-0.33636444,0.07494302,-0.2011583,0.50053905,-0.27888621,0.58289598,-0.3304295,0.10976636,-0.32423269,0.09331519,"245"
"246",1.10090958,0.69742629,0.08681748,0.07211684,1.04768379,0.47600053,1.03945404,0.55952333,0.0165888,0.10480476,0.13105906,0.09054473,"246"
"247",2.14995875,0.69357432,0.26391541,0.07010574,1.98966865,0.46264364,2.49214289,0.54897294,0.25781881,0.10188328,0.23016812,0.08802918,"247"
"248",0.0946287,0.69747901,-0.03544851,0.0721404,-0.2741544,0.47616147,0.17483782,0.55971553,-0.04411382,0.10483866,-0.04076416,0.09057372,"248"
"249",-2.85378124,0.72537585,-0.38724076,0.0827069,-3.76606938,0.54617001,-2.44510432,0.64893103,-0.3669204,0.11993887,-0.37837914,0.10354871,"249"
"250",-1.02528092,0.71631824,0.01348729,0.07981929,-1.41874164,0.52709995,-0.9296947,0.61858239,0.00301488,0.1158571,0.01126844,0.10004337,"250"
"252",1.95086376,0.70274809,0.07725488,0.07434493,2.31904619,0.49080486,1.61996805,0.57673096,0.08178954,0.10802376,0.04536255,0.09331424,"252"
"253",1.13400557,0.70273472,0.26766834,0.07434002,0.97553871,0.49076428,1.15681003,0.57668529,0.27997565,0.10801673,0.20617222,0.09330852,"253"
"254",-0.20765034,0.70880557,0.05935591,0.07682258,-0.44824211,0.50723635,-0.15580605,0.59574237,0.07177905,0.11158006,0.02525926,0.0963716,"254"
"256",-0.40110208,0.70885951,0.10153894,0.07684473,-0.86630155,0.5073744,-0.18110076,0.59589327,0.08407937,0.11161156,0.09321984,0.0963985,"256"
"259",-1.5878873,0.70187361,-0.52788766,0.07383728,-1.98789874,0.49121934,-1.60625605,0.57138484,-0.55124926,0.10811206,-0.47018841,0.09199438,"259"
"26",-0.03646141,0.69271522,-0.16600171,0.07010021,-0.39974433,0.46259006,0.06888196,0.54387447,-0.17887771,0.10187531,-0.156019,0.08802254,"26"
"27",1.26677125,0.69745267,0.11533441,0.07212853,1.25087898,0.47608126,1.17213779,0.55962105,0.07709872,0.10482237,0.12025375,0.09056004,"27"
"270",2.29785258,0.70275317,0.3591917,0.07434865,2.59691728,0.49082688,2.03466847,0.57676532,0.36025226,0.10802899,0.31311041,0.09331891,"270"
"28",0.30815091,0.72011889,-0.07250275,0.0796374,0.07519586,0.54226309,0.46198754,0.6248186,-0.07695103,0.11559872,-0.07093379,0.09982295,"28"
"29",-0.33440453,0.69748772,-0.18386677,0.07214514,-0.74773567,0.47620005,-0.31198516,0.55977448,-0.23985469,0.1048459,-0.12982388,0.09058024,"29"
"3",-0.64957076,0.69273125,-0.19074254,0.07010862,-0.93039675,0.46265424,-0.79585435,0.54396349,-0.2324051,0.10188769,-0.15022186,0.08803332,"3"
"30",0.85990601,0.7027916,0.09817038,0.07436534,0.74908577,0.49094292,0.76641202,0.57690679,0.1282549,0.10805333,0.04444708,0.09333998,"30"
"31",1.21538619,0.69275154,-0.11951447,0.07011654,1.09409958,0.4627002,1.2482424,0.54400712,-0.14316243,0.10189921,-0.10338749,0.08804328,"31"
"32",2.08535411,0.70275252,0.08530196,0.07434809,2.37544534,0.49084933,1.71574867,0.576791,0.08736336,0.10803448,0.04743532,0.09332358,"32"
"33",2.82014351,0.6974424,0.22800404,0.07108558,3.16421545,0.47606519,2.56714045,0.55961494,0.20870765,0.1033083,0.21097078,0.08925668,"33"
"34",0.99922868,0.69747901,0.06594602,0.0721404,0.93459856,0.47616248,0.92671599,0.55971721,0.0724619,0.10483903,0.03952517,0.09057404,"34"
"35",3.59739106,0.70274481,0.85925035,0.0743451,3.96906417,0.49080432,3.46157602,0.5767403,0.86467879,0.10802377,0.76034273,0.09331453,"35"
"36",-1.36080607,0.70763155,-0.10756109,0.07617879,-1.95889337,0.50723861,-1.22227618,0.58919083,-0.09386779,0.11158205,-0.12677504,0.09480554,"36"
"37",0.36229605,0.71787067,0.1315484,0.07818396,0.14148003,0.52959632,0.35398756,0.62454765,0.10952388,0.11352295,0.11990113,0.0980415,"37"
"38",1.62001465,0.6927675,0.23751645,0.07012481,1.51210068,0.46276439,1.65497862,0.54409527,0.24824263,0.10191131,0.18902021,0.08805365,"38"
"39",-1.63043013,0.69841965,-0.30985497,0.07111349,-2.31828343,0.47615008,-1.35001692,0.56521453,-0.30548847,0.10334865,-0.3051668,0.08929122,"39"
"4",2.54031914,0.69767711,0.34180306,0.07222497,2.69655816,0.47675248,2.64480176,0.56041124,0.34995824,0.10496153,0.28883283,0.09067811,"4"
"40",-2.54649829,0.69290848,-0.2649559,0.07018557,-3.41980314,0.46316329,-2.32760945,0.54453962,-0.24620304,0.101999,-0.27696724,0.08812812,"40"
"41",5.22337366,0.70276757,0.70684338,0.07435451,5.87582578,0.49086689,5.0051594,0.57680805,0.66461039,0.10803751,0.66234395,0.0933262,"41"
"42",3.62185235,0.6927675,0.39721124,0.07012481,3.99659161,0.46276439,3.46199395,0.54409527,0.35889728,0.10191131,0.3837936,0.08805365,"42"
"43",0.2875356,0.69744789,-0.1986154,0.07212773,-0.19118469,0.47608161,0.52649361,0.55963369,-0.21408857,0.10482073,-0.17999452,0.09055857,"43"
"44",0.57354066,0.69743127,-0.00463387,0.07211914,0.34277197,0.47601877,0.60869825,0.5595455,0.00065955,0.10480877,-0.03166154,0.09054816,"44"
"45",-1.10525414,0.70276887,-0.13957702,0.07435408,-1.42284944,0.49088426,-1.07986939,0.57683751,-0.16130406,0.10803628,-0.11834097,0.09332476,"45"
"46",2.81349023,0.69743562,0.1561202,0.0721222,3.18117786,0.47604289,2.50911944,0.55958594,0.10845559,0.10481263,0.17154172,0.09055167,"46"
"47",-1.96805507,0.69743908,-0.84247397,0.07212369,-2.58070661,0.47605379,-1.9767095,0.5595989,-0.83372807,0.10481484,-0.7925332,0.09055353,"47"
"48",-1.50181238,0.69742222,-0.06228414,0.07211526,-2.09796624,0.47598971,-1.39495326,0.55951291,-0.06959637,0.10480253,-0.06723312,0.09054297,"48"
"49",-0.85396062,0.70274809,0.14974804,0.07434493,-1.33298943,0.49080126,-0.68698786,0.5767268,0.13626055,0.10802298,0.1334538,0.09331365,"49"
"5",2.91272051,0.70887563,0.24043244,0.0768532,3.47006343,0.5075148,2.67473151,0.59610832,0.21959574,0.11163055,0.22607217,0.09641501,"5"
"50",-1.60501458,0.69275154,-0.6193111,0.07011654,-2.22086027,0.4627002,-1.50093655,0.54400712,-0.63592145,0.10189921,-0.56740643,0.08804328,"50"
"51",-0.49429027,0.69745101,-0.26833507,0.07212726,-0.91500883,0.47607587,-0.32934692,0.55961278,-0.29631594,0.10482058,-0.23008127,0.09055843,"51"
"52",-1.16066564,0.72383195,-0.4153939,0.08273364,-1.64720276,0.54633634,-1.11806202,0.64061356,-0.42259036,0.11997627,-0.37522615,0.10358098,"52"
"53",-1.30469943,0.70878682,0.00120854,0.07681495,-1.7477016,0.50718022,-1.19975548,0.59567808,0.0175019,0.11156858,-0.0260387,0.09636207,"53"
"54",0.81547999,0.69610848,-0.12293552,0.07011437,0.56576036,0.47331792,0.90437033,0.55426321,-0.16110794,0.101896,-0.09217793,0.08804049,"54"
"55",-0.41179476,0.69790235,-0.04597341,0.07321174,-0.50792758,0.47894738,-0.53811726,0.55967952,-0.05564305,0.10638898,-0.04662648,0.09190778,"55"
"56",-0.77305437,0.69275154,-0.22457683,0.07011654,-1.3504478,0.4627002,-0.57223514,0.54400712,-0.22528893,0.10189921,-0.22225654,0.08804328,"56"
"57",3.79316046,0.72238069,0.63242275,0.08195082,4.329892,0.54663271,3.37097826,0.63270237,0.65361352,0.12003737,0.524268,0.10166397,"57"
"58",-1.7029743,0.70883142,-0.28932269,0.07683359,-2.10075665,0.50729971,-1.73822847,0.59581441,-0.26670262,0.11159507,-0.2933024,0.09638494,"58"
"59",0.44921142,0.71580664,-0.07230245,0.07961576,0.21472383,0.52571158,0.52274708,0.61699979,-0.08584786,0.11556059,-0.06672072,0.09979083,"59"
"6",2.89527671,0.69746328,0.16394203,0.0721327,3.43599,0.4761253,2.56142937,0.5596789,0.12769075,0.10482835,0.16226552,0.09056498,"6"
"60",-0.65776334,0.71442011,-0.28116635,0.07750235,-0.77493891,0.5255954,-0.76734568,0.60969617,-0.25739847,0.11352502,-0.29207279,0.09639211,"60"
"61",1.99952531,0.71571845,-0.1342506,0.07958197,2.07270878,0.52551616,1.82288917,0.61679367,-0.15380964,0.11551958,-0.12167892,0.09975634,"61"
"62",-1.25727048,0.70879456,0.01109778,0.07681988,-1.79719919,0.5072118,-1.20993081,0.59572278,-0.02197383,0.1115764,0.02343454,0.09636901,"62"
"63",0.70415073,0.6927675,0.02724165,0.07012481,0.56180089,0.46276439,0.62396462,0.54409527,0.01454227,0.10191131,0.02002567,0.08805365,"63"
"64",2.09820221,0.70903485,-0.1230529,0.07691751,2.50780917,0.50785584,1.69287478,0.59644802,-0.12150899,0.11171447,-0.12129077,0.09648673,"64"
"65",-2.72997199,0.69862976,-0.642176,0.07222092,-3.64767605,0.47669935,-2.4438388,0.56593548,-0.65345722,0.1049554,-0.58599923,0.09067338,"65"
"66",0.82048421,0.70276714,0.35067796,0.07435352,0.50344911,0.49085479,1.05798747,0.57678968,0.29660784,0.108036,0.35969694,0.09332503,"66"
"67",-0.26791549,0.70713708,-0.05850376,0.07558097,-0.56157818,0.50399992,-0.27103279,0.58940967,-0.09009389,0.10979942,-0.03111871,0.09484109,"67"
"68",-1.00695983,0.69271559,-0.22495569,0.07009992,-1.41582584,0.46259158,-0.96288595,0.54387568,-0.24581095,0.10187486,-0.20209568,0.08802207,"68"
"69",-0.36562705,0.70273921,-0.30840543,0.07434175,-0.5967825,0.4907766,-0.50103086,0.57669842,-0.33049025,0.10801901,-0.28007771,0.09331043,"69"
"7",0.16388024,0.69330324,-0.11317051,0.07036135,-0.06658369,0.46443497,0.4008066,0.54609346,-0.08924613,0.10225418,-0.14322439,0.08834524,"7"
"70",0.36641198,0.71378437,0.26575729,0.07818318,0.04435952,0.52184067,0.58622183,0.60969721,0.26610431,0.11352959,0.2215494,0.09804688,"70"
"71",1.71329011,0.70879176,0.43886135,0.07681735,1.60870473,0.507194,1.89375763,0.59569548,0.43671616,0.1115722,0.38446844,0.09636529,"71"
"72",0.95652281,0.6927675,-0.0688154,0.07012481,0.88898069,0.46276439,0.83647522,0.54409527,-0.11945366,0.10191131,-0.03009985,0.08805365,"72"
"73",0.49681529,0.70274181,0.11147342,0.07434273,0.25732557,0.49078518,0.56354625,0.57670711,0.07498361,0.10802088,0.11839013,0.09331196,"73"
"74",2.32852234,0.70380601,0.15193461,0.07378053,2.4629836,0.49724326,2.26116188,0.57684063,0.16683078,0.10804501,0.10896172,0.09191523,"74"
"75",0.86135752,0.69742222,-0.00559901,0.07211526,0.75640823,0.47599247,0.8072853,0.55951608,0.01839669,0.10480314,-0.05122419,0.09054345,"75"
"76",2.14931859,0.69745267,0.1209231,0.07212853,2.1546284,0.47608155,2.22240779,0.55962134,0.10190233,0.10482243,0.11503661,0.0905601,"76"
"77",1.23851037,0.70174732,0.43864533,0.07378153,1.06470662,0.49091181,1.44166888,0.57095099,0.42031966,0.10804447,0.39820226,0.09191523,"77"
"78",1.29361294,0.7045972,-0.34611083,0.07445314,1.14757852,0.4946808,1.40087173,0.58368289,-0.39414762,0.10817866,-0.27916425,0.09344636,"78"
"79",1.04913056,0.69271727,0.32589509,0.07010129,0.89118549,0.46259763,1.10252719,0.54388562,0.35046964,0.10187697,0.2562631,0.0880241,"79"
"8",0.62918244,0.69480655,-0.00856048,0.0701159,0.54386938,0.47063871,0.70088925,0.5491332,-0.03475469,0.10189811,0.00059617,0.08804197,"8"
"80",-0.8106124,0.70277516,-0.30570932,0.0743572,-1.30787517,0.49087977,-0.73475351,0.57682087,-0.29952369,0.10804155,-0.30612253,0.09332992,"80"
"81",-0.81031399,0.69435915,-0.20734045,0.07010006,-1.20506288,0.46780084,-0.74375121,0.54893275,-0.2049003,0.10187514,-0.20943565,0.08802247,"81"
"82",-1.45121821,0.70276714,-0.37851814,0.07435352,-1.92617641,0.49085528,-1.43628758,0.57679008,-0.38940416,0.10803608,-0.34528013,0.09332514,"82"
"83",0.63527535,0.69746671,-0.00592127,0.07213415,0.68285502,0.4761176,0.45094644,0.55966158,0.00070178,0.10482976,-0.0272722,0.09056638,"83"
"84",-1.07165448,0.69275154,-0.09324886,0.07011654,-1.84097904,0.4627002,-0.71031923,0.54400712,-0.1057012,0.10189921,-0.09049805,0.08804328,"84"
"85",-0.44404372,0.69746465,-0.09486121,0.07213347,-0.81980857,0.47611191,-0.36572868,0.55965252,-0.07860377,0.10482926,-0.11664444,0.09056561,"85"
"86",-3.92558527,0.69742873,-0.47888312,0.07211753,-4.87138786,0.4760099,-3.77017801,0.55953519,-0.51158868,0.10480568,-0.42066807,0.09054546,"86"
"87",-1.0422725,0.69652644,-0.33705543,0.07160245,-1.31748216,0.47607885,-1.0794378,0.55424005,-0.345209,0.10481767,-0.31584138,0.08926396,"87"
"88",1.69386803,0.71583913,0.01390714,0.07963121,1.78269105,0.52590905,1.77248925,0.61729074,0.00354013,0.11558947,0.01087884,0.09981553,"88"
"89",-0.95625434,0.77510991,-0.37256567,0.10102013,-1.36885712,0.66656531,-0.8342621,0.77525732,-0.33273777,0.14514924,-0.3538067,0.12510597,"89"
"9",1.51147199,0.69743919,0.03438844,0.0721235,1.49877218,0.47605266,1.41655111,0.55959342,0.0139032,0.10481502,0.02974539,0.09055359,"9"
"90",1.6315152,0.70274678,0.29266845,0.07434485,1.75896289,0.49079806,1.42008051,0.57672249,0.26023272,0.10802357,0.27317723,0.09331434,"90"
"91",1.40080181,0.69488503,0.08159758,0.07014988,1.49584521,0.47082057,1.30989889,0.54932891,0.06937706,0.10194722,0.07012484,0.08808353,"91"
"92",2.25502826,0.69271567,0.30746512,0.07010006,2.41837757,0.46259155,2.20836829,0.54387653,0.32243833,0.10187514,0.24885468,0.08802247,"92"
"93",-0.36351445,0.69274774,-0.31011107,0.07011397,-0.56530248,0.46268661,-0.43087426,0.5439852,-0.32130128,0.10189517,-0.28927809,0.08803929,"93"
"94",-3.07039214,0.69747661,-0.69519396,0.0721401,-4.00133248,0.47616771,-2.92266567,0.55973469,-0.68550407,0.10483923,-0.66429459,0.09057452,"94"
"95",2.06539031,0.69745267,0.10974575,0.07212853,2.12198525,0.4760782,2.06129159,0.55961768,0.06134234,0.10482173,0.13288183,0.09055948,"95"
"96",3.01759784,0.6927675,0.38220233,0.07012481,3.40471135,0.46276439,2.74330331,0.54409527,0.2782116,0.10191131,0.43535124,0.08805365,"96"
"97",2.06684437,0.69279094,0.41916956,0.07013567,2.49338658,0.46289925,1.86076582,0.54429195,0.41787872,0.10192678,0.36715991,0.08806616,"97"
"98",5.93997887,0.72384087,0.7003983,0.08273733,6.62801139,0.54636399,5.64054867,0.64064837,0.79174967,0.11998206,0.50267654,0.10358596,"98"
"99",-1.16030474,0.70879786,-0.36696431,0.07554852,-1.39215111,0.50723845,-1.35471941,0.5957496,-0.36237264,0.10975732,-0.35197786,0.09480524,"99"
"GP137",0.03499605,0.80127143,0.14298835,0.13273615,0.28159082,0.65773639,-0.1252763,0.88589011,0.01875591,0.18409079,0.21700871,0.15799577,"GP137"
"GP144",-0.14762831,0.8083663,-0.06171763,0.13286663,-0.1032934,0.67905615,0.10873385,0.90770363,-0.02329356,0.18421582,-0.09124234,0.15811202,"GP144"
"GP153",0.10574329,0.80127143,0.08284356,0.13273615,0.5134211,0.65773639,-0.28579766,0.88589011,0.03744303,0.18409079,0.09604508,0.15799577,"GP153"
"GP155",-0.86586494,0.80488001,-0.06440262,0.13286663,-0.97870853,0.67195355,-0.60247668,0.88665124,-0.04852112,0.18421582,-0.0710817,0.15811202,"GP155"
"GP156",-0.05721065,0.80167137,0.15040018,0.13286663,0.1574175,0.65852146,-0.20992457,0.88665124,0.10284452,0.18421582,0.14701937,0.15811202,"GP156"
"GP157",1.2597018,0.80471773,0.36285385,0.13611862,2.11071971,0.67143703,0.48316754,0.88665124,0.38103082,0.19263744,0.24324047,0.15811202,"GP157"
"GP205",-0.27741339,0.82341768,-0.25810813,0.1396711,0.20461322,0.70942241,-0.61868653,0.92963868,-0.29784077,0.19263716,-0.14359963,0.16519598,"GP205"
"GP232",-0.60829091,0.80127143,0.26059293,0.13273615,-0.97056685,0.65773639,0.03224457,0.88589011,0.19161182,0.18409079,0.248166,0.15799577,"GP232"
"GP246",-0.21486201,0.80127143,0.06727036,0.13273615,-0.13214771,0.65773639,-0.07726997,0.88589011,6.884e-05,0.18409079,0.10612534,0.15799577,"GP246"
"GP251",0.56216347,0.80222479,0.37647627,0.1326926,1.18291052,0.66347364,0.47088226,0.88598812,0.26885166,0.18410872,0.39594396,0.15803423,"GP251"
"GP258",0.59639397,0.80025731,0.22654499,0.13259554,1.57953197,0.65618933,-0.09933049,0.8855649,0.18008437,0.18404321,0.22698438,0.15798924,"GP258"
"GP289",0.13435731,0.80669023,0.34806549,0.13600982,0.31113358,0.6634788,0.47462665,0.90696794,0.13523874,0.18410872,0.48535046,0.16523036,"GP289"
"GP299",0.05724503,0.80555149,0.44575016,0.1326926,0.31072663,0.67738399,0.27585637,0.88598812,0.49776883,0.18410872,0.28964257,0.15803423,"GP299"
"GP324",-0.74521294,0.81376818,-0.29100602,0.13601089,-0.66770159,0.6847422,-0.38452347,0.92974323,-0.26571257,0.18491894,-0.10605095,0.16523063,"GP324"
"GP33",-2.173183,0.8097547,-0.25589433,0.13604569,-2.40659818,0.67810789,-1.35000213,0.92967535,-0.37378167,0.18407503,-0.01505073,0.16518477,"GP33"
"GP342",0.55378372,0.80066084,0.25564967,0.1326926,1.1294862,0.65689842,0.50638696,0.88598812,0.24549276,0.18410872,0.21266572,0.15803423,"GP342"
"GP363",1.3000775,0.80140529,0.2176838,0.13281344,2.30941044,0.65797614,0.68922338,0.88631772,0.11964752,0.18415414,0.25020142,0.15806005,"GP363"
"GP364",-1.19064685,0.80140529,-0.25595645,0.13281344,-1.14228596,0.65797614,-1.12551761,0.88631772,-0.27745373,0.18415414,-0.16858937,0.15806005,"GP364"
"GP376",-0.36390516,0.80140529,-0.03417251,0.13281344,-0.11147289,0.65797614,-0.41342316,0.88631772,-0.09058255,0.18415414,0.02660197,0.15806005,"GP376"
"GP387",1.56958791,0.81451916,0.14796749,0.13974168,2.29733828,0.68585351,1.15034166,0.9300214,-0.03484294,0.19269324,0.26980194,0.16525262,"GP387"
"GP423",0.15885129,0.81448646,0.09763363,0.13612634,0.40931781,0.68576283,0.39601382,0.93002734,0.08122631,0.18488589,0.19076476,0.16525365,"GP423"
"GP45",-0.66605929,0.80125627,0.09653726,0.13272992,-0.41127528,0.65765555,-0.49004899,0.88594387,0.21673126,0.18407503,-0.01068886,0.15798302,"GP45"
"GP457",1.20306986,0.80328852,0.34431119,0.13292851,2.00836239,0.66518736,0.60407502,0.88700919,0.35323305,0.18426359,0.23702835,0.15818097,"GP457"
"GP50",-1.79451603,0.80125627,-0.0663874,0.13604569,-2.12709338,0.65765555,-1.14163554,0.88594387,0.01557302,0.19262311,-0.09224772,0.15798302,"GP50"
"GP55",-0.72114592,0.80281855,-0.10376638,0.13272992,-0.71243174,0.6642219,-0.00548467,0.88594387,-0.13365219,0.18407503,-0.00885609,0.15798302,"GP55"
"GP554",-0.40036738,0.80628821,-0.13620388,0.13281344,0.27563271,0.67841634,-1.01900343,0.88631772,-0.18868993,0.18415414,-0.05129131,0.15806005,"GP554"
"GP56",-1.67725642,0.85752852,-0.70799083,0.14803422,-1.13286169,0.7912503,-1.73878738,1.01160783,-0.69858174,0.20265381,-0.43420327,0.17360738,"GP56"
"GP66",-0.773979,0.80125627,0.05089166,0.13272992,-0.64173784,0.65765555,-0.33802881,0.88594387,0.07377485,0.18407503,0.05162571,0.15798302,"GP66"
"GP81",-0.44737706,0.84205082,0.03271042,0.14803422,-0.33930148,0.73656448,-0.27696374,0.9817351,0.01983529,0.20266277,0.04917484,0.17361454,"GP81"
"GP86",0.35957794,0.80985745,0.40067844,0.136115,0.82721302,0.67834316,0.2847541,0.92968712,0.4222861,0.18422708,0.29365441,0.16518477,"GP86"
"GR103",1.19474897,0.80125627,0.49070046,0.13272992,1.83385477,0.65765555,1.11816448,0.88594387,0.62317613,0.18407503,0.26331208,0.15798302,"GR103"
"GR105",-0.92588777,0.80125627,0.07129793,0.13272992,-1.34133199,0.65765555,0.23754756,0.88594387,0.06256256,0.18407503,0.09744529,0.15798302,"GR105"
"GR114",-1.86194556,0.80125627,-0.07960108,0.13272992,-2.25224071,0.65765555,-1.19514265,0.88594387,-0.04675711,0.18407503,-0.05284288,0.15798302,"GR114"
"GR126",-0.60139383,0.80125627,0.24904724,0.13272992,-0.46028559,0.65765555,-0.37253349,0.88594387,0.3662282,0.18407503,0.10294361,0.15798302,"GR126"
"GR129",0.24384386,0.80125627,0.04391055,0.13272992,0.82925665,0.65765555,0.04802241,0.88594387,0.06256255,0.18407503,0.05070932,0.15798302,"GR129"
"GR131",-1.9314676,0.80125627,-0.24231423,0.13272992,-2.17382427,0.65765555,-1.27915382,0.88594387,-0.17569821,0.18407503,-0.20404745,0.15798302,"GR131"
"GR133",-0.31972256,0.80125627,-0.30621806,0.13272992,0.20078431,0.65765555,-0.44754337,0.88594387,-0.26446201,0.18407503,-0.22604083,0.15798302,"GR133"
"GR135",-0.78890543,0.80614057,0.05035464,0.13272992,-0.87876315,0.67810789,-0.29152261,0.88594387,0.1232957,0.18407503,0.00214058,0.15798302,"GR135"
"GR136",-0.15762895,0.80125627,0.01169013,0.13272992,0.2953857,0.65765555,-0.23251485,0.88594387,0.08592142,0.18407503,-0.0271839,0.15798302,"GR136"
"GR138",-2.17363321,0.80125627,-0.97049584,0.13272992,-1.77399086,0.65765555,-2.33329368,0.88594387,-0.71575594,0.18407503,-0.91699982,0.15798302,"GR138"
"GR150",-2.60564532,0.80444539,-0.62136098,0.13604569,-3.34770619,0.66422276,-1.37181923,0.90692682,-0.56812771,0.18407503,-0.45490519,0.16518477,"GR150"
"GR160",0.07027719,0.8079084,0.04928062,0.13272992,0.63038764,0.67810599,-0.13338374,0.90692207,0.23074661,0.18407503,-0.10507718,0.15798302,"GR160"
"GR168",-1.09321045,0.80125627,-0.0930263,0.13272992,-0.97478024,0.65765555,-0.77108639,0.88594387,-0.00564547,0.18407503,-0.11607393,0.15798302,"GR168"
"GR221",0.81897805,0.80281861,0.32637626,0.13272992,1.60480051,0.66422213,0.65110247,0.88594387,0.50170982,0.18407503,0.10202721,0.15798302,"GR221"
"GR225",-1.38951816,0.8079084,-0.3851581,0.13272992,-1.71597214,0.67810542,-0.5050069,0.90692263,-0.37751909,0.18407503,-0.249867,0.15798302,"GR225"
"GR226",-1.59334089,0.7764573,-0.23529509,0.1218323,-1.70209005,0.61256821,-1.23174769,0.81611418,-0.25848795,0.17022465,-0.10544512,0.14626835,"GR226"
"GR232",-0.81734571,0.80125627,-0.12954273,0.13272992,-0.91300437,0.65765555,-0.26301887,0.88594387,-0.12617733,0.18407503,-0.06017402,0.15798302,"GR232"
"GR239",-0.43813238,0.80125627,-0.02375235,0.13272992,-0.28795148,0.65765555,-0.20451113,0.88594387,-0.0215295,0.18407503,0.01771923,0.15798302,"GR239"
"GR257",-1.48148298,0.80125627,-0.31534717,0.13272992,-1.90483718,0.65765555,-0.73008089,0.88594387,-0.37658471,0.18407503,-0.13165254,0.15798302,"GR257"
"GR263",0.94092283,0.80125627,0.30274798,0.13272992,1.54822703,0.65765555,0.93013944,0.88594387,0.25410553,0.18407503,0.30454969,0.15798302,"GR263"
"GR274",-0.07584035,0.80170028,-0.09205852,0.13288189,0.36770975,0.65854917,-0.17114361,0.88688465,0.0111695,0.18422708,-0.13107971,0.15813042,"GR274"
"GR299",-0.90155876,0.80167137,-0.14978679,0.13286663,-1.06328223,0.65852146,-0.8355075,0.88665124,-0.25594818,0.18421582,-0.01334908,0.15811202,"GR299"
"GR324",1.46420984,0.80167137,0.22880322,0.13286663,2.16593003,0.65852146,0.92022556,0.88665124,0.2710286,0.18421582,0.11586208,0.15811202,"GR324"
"GR332",-0.7849019,0.81061484,-0.01276208,0.13982815,-1.09349392,0.67986742,-0.13043321,0.93055694,-0.06079379,0.19278794,0.03559574,0.16533628,"GR332"
"GR340",0.72619833,0.80127143,0.13547027,0.13273615,1.38854091,0.65773639,0.1452596,0.88589011,0.27103207,0.18409079,-0.04324642,0.15799577,"GR340"
"GR341",0.99337014,0.80125627,0.6217302,0.13272992,1.79236697,0.65765555,0.7251123,0.88594387,0.7259553,0.18407503,0.3861085,0.15798302,"GR341"
"GR347",-0.4839034,0.80167137,-0.25453934,0.13619462,-0.20001622,0.65852146,-0.77850003,0.88665124,-0.34751505,0.18421582,-0.09026632,0.16533715,"GR347"
"GR35",-1.43972059,0.81631823,-0.36833917,0.13604653,-1.41614159,0.70108647,-1.3583588,0.90692333,-0.33184829,0.18492341,-0.14843862,0.16518516,"GR35"
"GR350",0.50830355,0.80127143,0.18487494,0.13273615,0.8776935,0.65773639,0.32328317,0.88589011,0.19628357,0.18409079,0.11437292,0.15799577,"GR350"
"GR354",-1.26241723,0.80127143,-0.28822834,0.13273615,-1.6140839,0.65773639,-0.74435851,0.88589011,-0.2942533,0.18409079,-0.2118624,0.15799577,"GR354"
"GR356",-1.2333401,0.80658626,-0.45375707,0.13982815,-1.13420787,0.6790555,-1.27956651,0.88665124,-0.44213648,0.19278794,-0.33061335,0.16533628,"GR356"
"GR361",-1.01624533,0.81247613,-0.27555544,0.1396711,-0.78350652,0.68553188,-1.17971536,0.90687094,-0.18962195,0.19263716,-0.27878426,0.16519598,"GR361"
"GR362",-0.59179521,0.80127143,-0.41281398,0.13273615,-0.25410371,0.65773639,-0.89687875,0.88589011,-0.35031466,0.18409079,-0.36948168,0.15799577,"GR362"
"GR367",0.41293716,0.80985464,0.19275449,0.13611139,0.54295784,0.67837796,0.54869169,0.92963904,0.06079848,0.18421582,0.26153603,0.16519627,"GR367"
"GR368",-0.72819308,0.80127143,-0.04711213,0.13273615,-0.67012182,0.65773639,-0.76836167,0.88589011,-0.05599253,0.18409079,-0.03408247,0.15799577,"GR368"
"GR371",-0.35506564,0.80127143,0.11882301,0.13273615,-0.31793119,0.65773639,-0.28129702,0.88589011,0.23832955,0.18409079,-0.03958086,0.15799577,"GR371"
"GR377",-1.99323872,0.81930958,-0.37299332,0.14364864,-2.1943345,0.6931799,-1.91389379,0.92963904,-0.1923746,0.20266585,-0.42951968,0.16519627,"GR377"
"GR382",0.90096747,0.8083663,0.14932618,0.13286663,1.43869189,0.6790555,0.62670868,0.90770559,0.07481383,0.18421582,0.17267836,0.15811202,"GR382"
"GR383",0.31559427,0.80283312,0.02001377,0.13273615,0.67995967,0.66429979,0.16276191,0.88589011,0.01875598,0.18409079,0.00715513,0.15799577,"GR383"
"GR391",-0.57911501,0.80127143,-0.25547092,0.13273615,-0.67103363,0.65773639,-0.26479484,0.88589011,-0.24753552,0.18409079,-0.20178209,0.15799577,"GR391"
"GR394",1.5744473,0.80127143,0.74497332,0.13273615,1.96275978,0.65773639,1.55394658,0.88589011,0.71017934,0.18409079,0.56615378,0.15799577,"GR394"
"GR397",-1.13000728,0.80127143,-0.15558756,0.13273615,-1.62844511,0.65773639,-0.39731244,0.88589011,-0.14008457,0.18409079,-0.13671828,0.15799577,"GR397"
"GR398",0.75778857,0.80127143,0.49311698,0.13273615,1.03954155,0.65773639,0.74333894,0.88589011,0.41118544,0.18409079,0.42961146,0.15799577,"GR398"
"GR399",-1.8651524,0.80127143,-0.82040233,0.13273615,-2.02827848,0.65773639,-1.4349502,0.88589011,-0.77357786,0.18409079,-0.64989739,0.15799577,"GR399"
"GR404",-2.10277204,0.81583793,-0.7267781,0.1396711,-2.30305984,0.70113778,-1.52010605,0.92965258,-0.70810063,0.19263717,-0.54250982,0.16519627,"GR404"
"GR408",-0.04285646,0.80127143,0.13761832,0.13273615,0.02468532,0.65773639,0.06074834,0.88589011,0.25701676,0.18409079,-0.02583498,0.15799577,"GR408"
"GR411",0.89855656,0.80127143,0.18863399,0.13273615,1.49226054,0.65773639,0.34028546,0.88589011,0.14956582,0.18409079,0.16660718,0.15799577,"GR411"
"GR412",-0.18201971,0.80276515,0.09820422,0.13327635,-0.07161518,0.66077335,0.07247606,0.88923159,0.018749,0.18466512,0.14026108,0.15853604,"GR412"
"GR413",0.6613466,0.80283312,0.12526712,0.13273615,1.13216107,0.66430101,0.40629418,0.88589011,0.01034672,0.18409079,0.19501533,0.15799577,"GR413"
"GR418",-0.46308765,0.80792319,0.14960103,0.13605151,-0.30416161,0.67818553,-0.35651711,0.90687317,0.2985783,0.19263744,-0.02675134,0.15799577,"GR418"
"GR42",-2.1065553,0.80125627,-0.59942393,0.13272992,-2.41431688,0.65765555,-1.36216476,0.88594387,-0.66156329,0.18407503,-0.33692416,0.15798302,"GR42"
"GR421",-0.14818099,0.80127143,-0.18565999,0.13273615,0.08509345,0.65773639,-0.26929537,0.88589011,-0.08869501,0.18409079,-0.23843774,0.15799577,"GR421"
"GR422",0.53200973,0.80167137,0.42803289,0.13286663,0.84675377,0.65852146,0.40565724,0.88665124,0.56535073,0.18421582,0.16718003,0.15811202,"GR422"
"GR424",0.4021429,0.80127143,0.10647191,0.13273615,0.89456216,0.65773639,0.13125769,0.88589011,0.25234494,0.18409079,-0.07440368,0.15799577,"GR424"
"GR426",0.616754,0.80127143,0.28583223,0.13273615,0.97981729,0.65773639,0.38229112,0.88589011,0.2056271,0.18409079,0.27749052,0.15799577,"GR426"
"GR428",1.36197592,0.80127143,0.5548728,0.13273615,1.99763692,0.65773639,0.9458659,0.88589011,0.48593391,0.18409079,0.46168516,0.15799577,"GR428"
"GR429",-1.35066654,0.80066084,-0.13636549,0.1326926,-1.39671244,0.65689842,-1.10382681,0.88598812,-0.11890604,0.18410872,-0.09890729,0.15803423,"GR429"
"GR431",-1.54206001,0.80025731,-0.34429351,0.13259554,-1.85187668,0.65618933,-0.86893259,0.8855649,-0.28709358,0.18404321,-0.28894385,0.15798924,"GR431"
"GR432",0.04763125,0.80025731,0.38818414,0.13259554,0.07776357,0.65618933,0.46874499,0.8855649,0.35294022,0.18404321,0.33328577,0.15798924,"GR432"
"GR45",-0.50131665,0.8079084,-0.31373615,0.13272992,-0.23071282,0.67810542,-0.35130121,0.90692263,-0.34575099,0.18407503,-0.15914424,0.15798302,"GR45"
"GR455",-0.00788002,0.80066084,0.3496259,0.1326926,0.12876321,0.65689842,0.39287194,0.88598812,0.29688231,0.18410872,0.32263266,0.15803423,"GR455"
"GR463",-0.59184384,0.80222546,0.28506713,0.13600982,-0.6599615,0.65689842,0.09141514,0.90696794,0.22680567,0.18410872,0.27450282,0.16523036,"GR463"
"GR464",0.1116034,0.8070575,-0.20467389,0.13595533,0.76912403,0.6769742,-0.29169106,0.90670568,-0.0815353,0.18404321,-0.25851254,0.16523072,"GR464"
"GR468B",0.04243058,0.80066084,0.05642005,0.1326926,0.3665204,0.65689842,0.21034765,0.88598812,0.04927805,0.18410872,0.06512672,0.15803423,"GR468B"
"GR473",-0.32344972,0.80066084,0.27874096,0.1326926,-0.07274909,0.65689842,-0.15470075,0.88598812,0.50244064,0.18410872,6.291e-05,0.15803423,"GR473"
"GR485",-1.29254537,0.80732201,-0.47360597,0.1326926,-1.39020698,0.67737973,-0.85624425,0.90696425,-0.44593064,0.18410872,-0.35366407,0.15803423,"GR485"
"GR496",-0.43604995,0.80066084,0.08595543,0.1326926,0.01205021,0.65689842,-0.68727153,0.88598812,0.20811854,0.18410872,-0.04025828,0.15803423,"GR496"
"GR500",-1.44795057,0.80705306,-0.31379041,0.13277882,-1.28878498,0.67692211,-1.44104345,0.90730318,-0.26840995,0.18430267,-0.25538098,0.15825266,"GR500"
"GR502",-0.11210906,0.80066084,0.01721851,0.1326926,0.3669763,0.65689842,-0.37873056,0.88598812,0.12869827,0.18410872,-0.07966311,0.15803423,"GR502"
"GR506",-0.58634979,0.80066084,-0.14979068,0.1326926,-0.76869613,0.65689842,-0.12069624,0.88598812,-0.17496743,0.18410872,-0.06683359,0.15803423,"GR506"
"GR507",1.10717581,0.80222479,0.2255773,0.1326926,1.76375958,0.66347364,0.95244615,0.88598812,0.12402652,0.18410872,0.28047868,0.15803423,"GR507"
"GR508",-2.57781853,0.80066084,-0.34824013,0.13600982,-3.28987973,0.65689842,-1.4358709,0.88598812,-0.43658708,0.18410872,-0.12861513,0.16523054,"GR508"
"GR515",-2.72211875,0.80555149,-0.65618838,0.1326926,-3.3208411,0.67738272,-1.96344088,0.88598812,-0.48330489,0.18410872,-0.62858144,0.15803423,"GR515"
"GR542",0.37100869,0.80066084,-0.04238926,0.1326926,0.93982756,0.65689842,0.36236783,0.88598812,0.15672895,0.18410872,-0.20887425,0.15803423,"GR542"
"GR545",-0.8451508,0.80692201,-0.09673329,0.13259554,-0.9063029,0.67671337,-0.39691743,0.90659964,-0.12825311,0.18404321,-0.02227404,0.15798924,"GR545"
"GR548",-0.31579302,0.80066084,0.04245788,0.1326926,-0.14957006,0.65689842,-0.00668114,0.88598812,0.05394982,0.18410872,0.0367186,0.15803423,"GR548"
"GR549",0.89030743,0.81376477,0.11028209,0.13600982,1.60156137,0.68474681,0.74867573,0.92972937,0.06796506,0.18410872,0.1417541,0.16523054,"GR549"
"GR569",0.74731601,0.80066084,0.26800085,0.1326926,1.35219842,0.65689842,0.66790842,0.88598812,0.31556948,0.18410872,0.16501337,0.15803423,"GR569"
"GR570",-1.25950623,0.80523238,-0.6138711,0.13259554,-0.99387261,0.67697381,-1.42500636,0.8855649,-0.59916848,0.18404321,-0.4428976,0.15798924,"GR570"
"GR577",-0.33419071,0.80066084,-0.2051024,0.1326926,-0.24303167,0.65689842,0.19484564,0.88598812,-0.14693673,0.18410872,-0.18871363,0.15803423,"GR577"
"GR582",-0.74622503,0.80732201,-0.13743953,0.1326926,-0.80393321,0.67737973,-0.27879508,0.90696425,-0.14693676,0.18410872,-0.07324835,0.15803423,"GR582"
"GR602",-0.95688905,0.80732201,0.15254688,0.13963133,-1.00164149,0.67737973,-0.42302587,0.90696425,0.13428849,0.1926529,0.13225632,0.16523036,"GR602"
"GR62",-0.79519422,0.80125627,0.03800348,0.13272992,-1.05456454,0.65765555,-0.07049337,0.88594387,0.05789079,0.18407503,0.04521097,0.15798302,"GR62"
"GR63",-2.07463017,0.80125627,-0.64345851,0.13272992,-2.47198951,0.65765555,-1.24014858,0.88594387,-0.66716941,0.18407503,-0.40656991,0.15798302,"GR63"
"GR630",-2.02177205,0.80182172,-0.35879274,0.13259554,-2.36838252,0.66277726,-1.36299812,0.8855649,-0.33007399,0.18404321,-0.27153244,0.15798924,"GR630"
"GR633",-0.90899893,0.80349162,-0.01886724,0.13259554,-1.16332136,0.6697159,-0.2838549,0.8855649,-0.07873224,0.18404321,0.06203398,0.15798924,"GR633"
"GR634",-3.49070124,0.82483427,-1.00878703,0.13600982,-3.9699905,0.72644483,-2.5161922,0.95453642,-1.11679822,0.18410872,-0.56846959,0.16523054,"GR634"
"GR635",0.37078211,0.80345118,0.1959356,0.13259554,1.12409062,0.66961467,-0.06332552,0.8855649,0.30622241,0.18404321,0.05103728,0.15798924,"GR635"
"GR636",-1.85141798,0.80459333,-0.61252916,0.13281344,-2.14891986,0.67134652,-1.31154232,0.88631772,-0.6175593,0.18415414,-0.44350675,0.15806005,"GR636"
"GR637",0.81046019,0.80140529,0.44698583,0.13281344,1.51361922,0.65797614,0.3046723,0.88631772,0.56813841,0.18415414,0.20163266,0.15806005,"GR637"
"GR638",-2.93840246,0.81026585,-0.59687685,0.13617468,-3.89856262,0.68650349,-1.72004977,0.90803909,-0.73248855,0.18426359,-0.2674918,0.1652536,"GR638"
"GR639",0.10313578,0.80140529,-0.17110934,0.13281344,0.30226565,0.65797614,0.31967422,0.88631772,-0.11861322,0.18415414,-0.17958609,0.15806005,"GR639"
"GR648",-0.5035233,0.80833395,-0.07309294,0.13617468,-0.31545225,0.67912409,-0.58673072,0.90760266,-0.18869342,0.18426359,0.07005151,0.16525262,"GR648"
"GR652",-0.42737879,0.81385698,0.11066641,0.13974168,-0.12691772,0.70136594,-0.57395603,0.90727729,0.12490871,0.19269324,0.05088354,0.16525262,"GR652"
"GR654",1.80435248,0.80140529,0.21607275,0.13281344,2.62262087,0.65797614,1.46482631,0.88631772,0.21308307,0.18415414,0.15581312,0.15806005,"GR654"
"GR656",1.520129,0.80140529,0.34495448,0.13281344,2.43205066,0.65797614,0.71972743,0.88631772,0.40929789,0.18415414,0.18330484,0.15806005,"GR656"
"GR657",0.59340395,0.8043232,-0.13265739,0.13332277,1.22241707,0.66069097,0.06006253,0.91077643,-0.03452812,0.18469727,-0.19676829,0.15860952,"GR657"
"GR658",0.69175925,0.80140529,0.08772809,0.13281344,1.40602433,0.65797614,-0.24840119,0.88631772,0.12899109,0.18415414,0.01927084,0.15806005,"GR658"
"GR659",0.28630683,0.80140529,0.11994848,0.13281344,0.64100709,0.65797614,-0.00636896,0.88631772,0.16636528,0.18415414,0.03759864,0.15806005,"GR659"
"GR66",0.33630349,0.80125627,0.1985686,0.13272992,0.67014391,0.65765555,0.44357489,0.88594387,0.32418223,0.18407503,0.05804045,0.15798302,"GR66"
"GR661",-1.82486914,0.80459333,-0.6184488,0.13612573,-2.25783286,0.67134652,-1.12751786,0.88631772,-0.69324214,0.18415414,-0.34920789,0.1652536,"GR661"
"GR662",0.70849166,0.80296708,0.1967405,0.13281344,1.24455078,0.66453858,0.36618044,0.88631772,0.3065187,0.18415414,0.03118389,0.15806005,"GR662"
"GR663",-1.09244217,0.80140529,-0.16036922,0.13281344,-1.16553738,0.65797614,-1.09701379,0.88631772,-0.11861329,0.18415414,-0.16125824,0.15806005,"GR663"
"GR664",1.26921388,0.80140529,0.26762546,0.13281344,1.97500038,0.65797614,0.71222639,0.88631772,0.37192362,0.18415414,0.08800018,0.15806005,"GR664"
"GR666",0.19378125,0.80492427,-0.0465393,0.13625281,0.90661545,0.66518736,-0.46234702,0.90804168,-0.13917255,0.18426359,0.06261137,0.16539716,"GR666"
"GR669",0.48902942,0.80140529,0.34280645,0.13281344,1.1247277,0.65797614,-0.38691953,0.88631772,0.28783158,0.18415414,0.29877016,0.15806005,"GR669"
"GR670",-0.80387983,0.82129079,0.10633593,0.13988266,-1.08975185,0.71092917,-0.17056092,0.93086328,0.25889016,0.19282822,-0.08770583,0.16539716,"GR670"
"GR672",0.08833983,0.80140529,0.15377994,0.13281344,0.65969932,0.65797614,-0.72696464,0.88631772,0.19906777,0.18415414,0.06325759,0.15806005,"GR672"
"GR673",-0.57982853,0.80140529,-0.14586999,0.13281344,-0.61867296,0.65797614,-0.21239638,0.88631772,-0.11394142,0.18415414,-0.14109765,0.15806005,"GR673"
"GR674",1.42238205,0.80904055,0.23745317,0.13738003,2.30209499,0.67135373,0.90166011,0.90748643,0.50344255,0.18739044,0.08313572,0.16824005,"GR674"
"GR675",-1.28981073,0.80296715,-0.18346047,0.13281344,-1.68429641,0.66453831,-0.51793691,0.88631772,-0.13262851,0.18415414,-0.18691722,0.15806005,"GR675"
"GR676",-0.41131416,0.80140529,-0.25166039,0.13281344,-0.47027413,0.65797614,0.05363897,0.88631772,-0.16533103,0.18415414,-0.27122519,0.15806005,"GR676"
"GR696",-0.56508079,0.80171792,-0.00850246,0.13292851,-0.74626569,0.65859988,-0.01250673,0.88700919,0.08040113,0.18426359,-0.09745444,0.15818097,"GR696"
"GR697",-1.28202058,0.80140529,-0.3053611,0.13281344,-1.47829173,0.65797614,-1.01000229,0.88631772,-0.31482798,0.18415414,-0.21624171,0.15806005,"GR697"
"GR7",-1.34101828,0.8143418,-0.03351205,0.13966541,-1.87008677,0.68545759,-0.26421574,0.92968712,-0.03080643,0.19262311,0.00109071,0.16518477,"GR7"
"GR72",0.0934306,0.80125627,0.20501269,0.13272992,0.18026847,0.65765555,0.56009045,0.88594387,0.09713373,0.18407503,0.29172022,0.15798302,"GR72"
"GR738",0.55357173,0.80140529,0.46470707,0.13281344,1.04220795,0.65797614,0.25316545,0.88631772,0.48404636,0.18415414,0.31434879,0.15806005,"GR738"
"GR753",-0.0954825,0.80140529,0.04960058,0.13281344,0.31662678,0.65797614,-0.32541134,0.88631772,0.0355555,0.18415414,0.04584617,0.15806005,"GR753"
"GR759",-1.2973509,0.80140529,-0.18936756,0.13281344,-1.66407518,0.65797614,-0.58594597,0.88631772,-0.29146908,0.18415414,-0.04121098,0.15806005,"GR759"
"GR77",0.8334322,0.80125627,0.35913371,0.13272992,1.27855629,0.65765555,0.86963152,0.88594387,0.41481475,0.18407503,0.24315146,0.15798302,"GR77"
"GR770",-2.19801036,0.80990615,-0.600178,0.13281344,-2.86485309,0.69340602,-1.14752046,0.88631772,-0.56243231,0.18415414,-0.47649683,0.15806005,"GR770"
"GR771",-0.25330319,0.80140529,0.01899117,0.13281344,0.01207879,0.65797614,-0.46542994,0.88631772,0.03555549,0.18415414,-0.00638814,0.15806005,"GR771"
"GR776",0.42940276,0.80140529,0.24346016,0.13281344,0.93871649,0.65797614,-0.01987082,0.88631772,0.39995434,0.18415414,0.01927083,0.15806005,"GR776"
"GR786",0.24728261,0.80140529,0.31380808,0.13281344,0.5151758,0.65797614,0.23866355,0.88631772,0.25980093,0.18415414,0.27677677,0.15806005,"GR786"
"GR793",1.4640952,0.81212928,0.24128507,0.13617468,2.20427716,0.68649787,0.99611339,0.93039595,0.25045387,0.18426359,0.1547941,0.16525262,"GR793"
"GR80",0.20467218,0.80170028,-0.1597214,0.13288189,0.62917419,0.65854917,0.25191259,0.88688465,-0.02153293,0.18422708,-0.21447132,0.15813042,"GR80"
"GR82",-0.16267788,0.80125627,-0.18968752,0.13272992,0.32365199,0.65765555,-0.17150662,0.88594387,-0.10001537,0.18407503,-0.18846879,0.15798302,"GR82"
"GT1",-3.12772205,0.64650273,-0.21923753,0.05239915,-2.7764039,0.29083586,-3.92788229,0.37988279,-0.23920126,0.07644897,-0.18931027,0.06612603,"GT1"
"PB235",-1.75313314,0.67127987,-0.07350329,0.07165006,-2.20770658,0.36078649,-1.00993093,0.49055223,-0.1991722,0.10338775,0.07071035,0.089289,"PB235"
"RRIM701",-1.69431741,0.67029259,-0.2753434,0.07166736,-2.48654694,0.35347114,-0.6854068,0.48738194,-0.35938987,0.10341594,-0.15517665,0.08931029,"RRIM701"
