id,SNP_1,SNP_2,SNP_3,SNP_4,SNP_5,SNP_6,SNP_7,SNP_8,SNP_9,SNP_10,SNP_11,SNP_12,SNP_13,SNP_14,SNP_15
RRIM_600_001,1,0,1,1,0,0,1,0,1,0,1,1,0,0,1
RRIM_600_002,1,0,1,1,0,1,1,0,1,0,1,0,0,0,1
RRIM_600_003,0,1,0,1,1,0,0,1,0,1,0,1,1,1,0
RRIM_600_004,1,0,1,0,0,1,1,0,1,0,1,1,0,0,1
RRIM_600_005,0,1,0,1,1,0,0,1,0,1,0,0,1,1,0
GT1_001,0,1,0,0,1,1,0,1,0,1,0,1,1,1,0
GT1_002,0,1,0,0,1,1,0,1,0,1,0,1,1,1,0
GT1_003,1,0,1,0,0,1,1,0,1,0,1,1,0,0,1
GT1_004,0,1,0,1,1,0,0,1,0,1,0,1,1,1,0
GT1_005,0,1,0,0,1,1,0,1,0,1,0,1,1,1,0
PB235_001,1,1,0,1,0,0,1,0,1,1,0,0,1,0,1
PB235_002,1,1,0,1,0,1,1,0,1,1,0,0,1,0,1
PB235_003,1,1,0,1,0,0,1,0,1,1,0,0,1,0,1
PB235_004,0,0,1,0,1,1,0,1,0,0,1,1,0,1,0
PB235_005,1,1,0,1,0,0,1,0,1,1,0,0,1,0,1
IAN873_001,0,0,1,0,1,1,0,1,0,0,1,1,0,1,0
IAN873_002,0,0,1,0,1,1,0,1,0,0,1,1,0,1,0
IAN873_003,1,1,0,1,0,0,1,0,1,1,0,0,1,0,1
IAN873_004,0,0,1,0,1,1,0,1,0,0,1,1,0,1,0
IAN873_005,0,0,1,0,1,1,0,1,0,0,1,1,0,1,0
PR107_001,1,0,0,1,1,0,1,1,0,0,1,0,1,1,0
PR107_002,1,0,0,1,1,1,1,1,0,0,1,0,1,1,0
PR107_003,0,1,1,0,0,1,0,0,1,1,0,1,0,0,1
PR107_004,1,0,0,1,1,0,1,1,0,0,1,0,1,1,0
PR107_005,1,0,0,1,1,0,1,1,0,0,1,0,1,1,0
AVROS2037_001,0,1,1,0,0,1,0,0,1,1,0,1,0,0,1
AVROS2037_002,0,1,1,0,0,1,0,0,1,1,0,1,0,0,1
AVROS2037_003,1,0,0,1,1,0,1,1,0,0,1,0,1,1,0
AVROS2037_004,0,1,1,0,0,1,0,0,1,1,0,1,0,0,1
AVROS2037_005,0,1,1,0,0,1,0,0,1,1,0,1,0,0,1